Sim,Status,N,P0,E0,P1,E1,Xb,Yb,Zb1,Zb2,Threshold,CoefL,CoefT
livetest0-800p,2,10,p,800.0,a,0.0,0,0,10,40,20,0.000129,0.0034
livetest0-500a,2,10,a,500.0,a,0.0,0,0,10,40,20,0.000129,0.0034
livetest0-1200p500a,2,10,p,1200.0,a,500.0,0,0,10,40,20,0.000129,0.0034
livetest1-800p,2,10,p,800.0,a,0.0,0,0,10,40,20,0.000104,0.00236
livetest1-500a,2,10,a,500.0,a,0.0,0,0,10,40,20,0.000104,0.00236
livetest1-1200p500a,2,10,p,1200.0,a,500.0,0,0,10,40,20,0.000104,0.00236
livetest2-800p,2,10,p,800.0,a,0.0,0,0,10,40,20,9.2e-05,0.00291
livetest2-500a,2,10,a,500.0,a,0.0,0,0,10,40,20,9.2e-05,0.00291
livetest2-1200p500a,2,10,p,1200.0,a,500.0,0,0,10,40,20,9.2e-05,0.00291
