Sim,Status,N,P0,E0,P1,E1,Xb,Yb,Zb1,Zb2,Threshold,EIonize,Fano,CoefL,CoefT,Gain,GETGain,PeakingTime,Seed
Seed1,2,100,p,1200,a,500,0,0,10,40,27,34.8,0.22,0.000119,0.00208,7197,143,583,1
Seed2,2,100,p,1200,a,500,0,0,10,40,27,34.8,0.22,0.000119,0.00208,7197,143,583,2
Seed3,2,100,p,1200,a,500,0,0,10,40,27,34.8,0.22,0.000119,0.00208,7197,143,583,3
Seed1v2,2,100,p,1200,a,500,0,0,10,40,27,34.8,0.22,0.000119,0.00208,7197,143,583,1
Seed2v2,2,100,p,1200,a,500,0,0,10,40,27,34.8,0.22,0.000119,0.00208,7197,143,583,2
