Sim,Status,P0,E0,P1,E1,N,CD,CDH,Threshold,EIonize,Fano,CoefL,CoefT,Gain,GETGain,PeakingTime
VarSim0,2,p,1200,a,500,100,2,2,100,20.9432728644294,0.2477377788524812,0.0001090372096931,0.0027792885091463,8111,127,973
