Sim,CoefL,CoefT,Gain,GETGain,PeakingTime,N,P0,E0,P1,E1,Status
800p,0.000114,0.00037,10000,1000,720,100,p,800,0,0,1
500a,0.000114,0.00037,10000,1000,720,100,a,500,0,0,0
1200p,0.000114,0.00037,10000,1000,720,100,p,1200,0,0,0
1200p500a,0.000114,0.00037,10000,1000,720,100,p,1200,a,500,0
