Sim,Status,N,P0,E0,P1,E1,Threshold,CD,CDH,time
cdtest00,2,50,p,1200,a,500,5,0,0,107.7880561351776
cdtest11,2,50,p,1200,a,500,5,1,1,58.10616993904114
cdtest22,2,50,p,1200,a,500,5,2,2,83.16125798225403
cdtest33,2,50,p,1200,a,500,5,3,3,115.9502649307251
cdtest44,2,50,p,1200,a,500,5,4,4,177.0034282207489
cdtest002,2,50,p,1200,a,500,5,0,0,46.79139137268066
cdtest55,2,50,p,1200,a,500,5,5,5,253.25861048698425
