Sim,Status,P0,E0,P1,E1,N,Score,Threshold,CoefL,CoefT,Gain,Xb,Yb,Seed
T1000p1704692579,4.0,p,1000.0,a,0.0,100.0,1455.0901380108369,19.0,0.0001226013403666,0.002825219251768,10743.0,99.0,2.0,2.0
T1000p1704692581,4.0,p,1000.0,a,0.0,100.0,1294.555203815185,18.0,0.0001239458399089,0.0028042973149116,9304.0,99.0,2.0,2.0
T1000p1704692583,4.0,p,1000.0,a,0.0,100.0,1256.6695721237409,22.0,0.0001232093669342,0.0030530539566958,9812.0,99.0,2.0,2.0
T1000p1704692585,4.0,p,1000.0,a,0.0,100.0,1430.7437505838031,20.0,0.0001123678551124,0.0030317630709479,10017.0,99.0,2.0,2.0